source_row_id,wave,raw_state,raw_district,unit_id,method,source_id,status,note
nss_2007_08__andaman and nicobar islands__35102__nicobars,nss_2007_08,Andaman & Nicober,Nicobars,pc2001__35__02,official_nss64_census2001_code_name_identity,nss64_education_district_codes,accepted,Accepted for the 2007-08 wave because the official NSS-64 district code resolves to the same Census-2001 state and district codes and the normalized state and district names also match the Census-2001 registry exactly. Code-only or name-only agreements remain under review.
nss_2007_08__andhra pradesh__28111__srikakulam,nss_2007_08,Andhra Pardesh,Srikakulam,pc2001__28__11,official_nss64_census2001_code_name_identity,nss64_education_district_codes,accepted,Accepted for the 2007-08 wave because the official NSS-64 district code resolves to the same Census-2001 state and district codes and the normalized state and district names also match the Census-2001 registry exactly. Code-only or name-only agreements remain under review.
nss_2007_08__andhra pradesh__28112__vizianagaram,nss_2007_08,Andhra Pardesh,Vizianagaram,pc2001__28__12,official_nss64_census2001_code_name_identity,nss64_education_district_codes,accepted,Accepted for the 2007-08 wave because the official NSS-64 district code resolves to the same Census-2001 state and district codes and the normalized state and district names also match the Census-2001 registry exactly. Code-only or name-only agreements remain under review.
nss_2007_08__andhra pradesh__28113__visakhapatnam,nss_2007_08,Andhra Pardesh,Visakhapatnam,pc2001__28__13,official_nss64_census2001_code_name_identity,nss64_education_district_codes,accepted,Accepted for the 2007-08 wave because the official NSS-64 district code resolves to the same Census-2001 state and district codes and the normalized state and district names also match the Census-2001 registry exactly. Code-only or name-only agreements remain under review.
nss_2007_08__andhra pradesh__28114__east godavari,nss_2007_08,Andhra Pardesh,East Godavari,pc2001__28__14,official_nss64_census2001_code_name_identity,nss64_education_district_codes,accepted,Accepted for the 2007-08 wave because the official NSS-64 district code resolves to the same Census-2001 state and district codes and the normalized state and district names also match the Census-2001 registry exactly. Code-only or name-only agreements remain under review.
nss_2007_08__arunachal pradesh__12101__tawang,nss_2007_08,Arunachal Pradesh,Tawang,pc2001__12__01,official_nss64_census2001_code_name_identity,nss64_education_district_codes,accepted,Accepted for the 2007-08 wave because the official NSS-64 district code resolves to the same Census-2001 state and district codes and the normalized state and district names also match the Census-2001 registry exactly. Code-only or name-only agreements remain under review.
nss_2007_08__arunachal pradesh__12102__west kameng,nss_2007_08,Arunachal Pradesh,West Kameng,pc2001__12__02,official_nss64_census2001_code_name_identity,nss64_education_district_codes,accepted,Accepted for the 2007-08 wave because the official NSS-64 district code resolves to the same Census-2001 state and district codes and the normalized state and district names also match the Census-2001 registry exactly. Code-only or name-only agreements remain under review.
nss_2007_08__arunachal pradesh__12103__east kameng,nss_2007_08,Arunachal Pradesh,East Kameng,pc2001__12__03,official_nss64_census2001_code_name_identity,nss64_education_district_codes,accepted,Accepted for the 2007-08 wave because the official NSS-64 district code resolves to the same Census-2001 state and district codes and the normalized state and district names also match the Census-2001 registry exactly. Code-only or name-only agreements remain under review.
nss_2007_08__arunachal pradesh__12104__papum pare,nss_2007_08,Arunachal Pradesh,Papum Pare,pc2001__12__04,official_nss64_census2001_code_name_identity,nss64_education_district_codes,accepted,Accepted for the 2007-08 wave because the official NSS-64 district code resolves to the same Census-2001 state and district codes and the normalized state and district names also match the Census-2001 registry exactly. Code-only or name-only agreements remain under review.
nss_2007_08__arunachal pradesh__12105__lower subansiri,nss_2007_08,Arunachal Pradesh,Lower Subansiri,pc2001__12__05,official_nss64_census2001_code_name_identity,nss64_education_district_codes,accepted,Accepted for the 2007-08 wave because the official NSS-64 district code resolves to the same Census-2001 state and district codes and the normalized state and district names also match the Census-2001 registry exactly. Code-only or name-only agreements remain under review.
nss_2007_08__arunachal pradesh__12106__upper subansiri,nss_2007_08,Arunachal Pradesh,Upper Subansiri,pc2001__12__06,official_nss64_census2001_code_name_identity,nss64_education_district_codes,accepted,Accepted for the 2007-08 wave because the official NSS-64 district code resolves to the same Census-2001 state and district codes and the normalized state and district names also match the Census-2001 registry exactly. Code-only or name-only agreements remain under review.
nss_2007_08__arunachal pradesh__12107__west siang,nss_2007_08,Arunachal Pradesh,West Siang,pc2001__12__07,official_nss64_census2001_code_name_identity,nss64_education_district_codes,accepted,Accepted for the 2007-08 wave because the official NSS-64 district code resolves to the same Census-2001 state and district codes and the normalized state and district names also match the Census-2001 registry exactly. Code-only or name-only agreements remain under review.
nss_2007_08__arunachal pradesh__12108__east siang,nss_2007_08,Arunachal Pradesh,East Siang,pc2001__12__08,official_nss64_census2001_code_name_identity,nss64_education_district_codes,accepted,Accepted for the 2007-08 wave because the official NSS-64 district code resolves to the same Census-2001 state and district codes and the normalized state and district names also match the Census-2001 registry exactly. Code-only or name-only agreements remain under review.
nss_2007_08__arunachal pradesh__12109__upper siang,nss_2007_08,Arunachal Pradesh,Upper Siang,pc2001__12__09,official_nss64_census2001_code_name_identity,nss64_education_district_codes,accepted,Accepted for the 2007-08 wave because the official NSS-64 district code resolves to the same Census-2001 state and district codes and the normalized state and district names also match the Census-2001 registry exactly. Code-only or name-only agreements remain under review.
nss_2007_08__arunachal pradesh__12110__dibang valley,nss_2007_08,Arunachal Pradesh,Dibang Valley,pc2001__12__10,official_nss64_census2001_code_name_identity,nss64_education_district_codes,accepted,Accepted for the 2007-08 wave because the official NSS-64 district code resolves to the same Census-2001 state and district codes and the normalized state and district names also match the Census-2001 registry exactly. Code-only or name-only agreements remain under review.
nss_2007_08__arunachal pradesh__12111__lohit,nss_2007_08,Arunachal Pradesh,Lohit,pc2001__12__11,official_nss64_census2001_code_name_identity,nss64_education_district_codes,accepted,Accepted for the 2007-08 wave because the official NSS-64 district code resolves to the same Census-2001 state and district codes and the normalized state and district names also match the Census-2001 registry exactly. Code-only or name-only agreements remain under review.
nss_2007_08__arunachal pradesh__12112__changlang,nss_2007_08,Arunachal Pradesh,Changlang,pc2001__12__12,official_nss64_census2001_code_name_identity,nss64_education_district_codes,accepted,Accepted for the 2007-08 wave because the official NSS-64 district code resolves to the same Census-2001 state and district codes and the normalized state and district names also match the Census-2001 registry exactly. Code-only or name-only agreements remain under review.
nss_2007_08__arunachal pradesh__12113__tirap,nss_2007_08,Arunachal Pradesh,Tirap,pc2001__12__13,official_nss64_census2001_code_name_identity,nss64_education_district_codes,accepted,Accepted for the 2007-08 wave because the official NSS-64 district code resolves to the same Census-2001 state and district codes and the normalized state and district names also match the Census-2001 registry exactly. Code-only or name-only agreements remain under review.
nss_2007_08__assam__18112__lakhimpur,nss_2007_08,Assam,Lakhimpur,pc2001__18__12,official_nss64_census2001_code_name_identity,nss64_education_district_codes,accepted,Accepted for the 2007-08 wave because the official NSS-64 district code resolves to the same Census-2001 state and district codes and the normalized state and district names also match the Census-2001 registry exactly. Code-only or name-only agreements remain under review.
nss_2007_08__assam__18113__dhemaji,nss_2007_08,Assam,Dhemaji,pc2001__18__13,official_nss64_census2001_code_name_identity,nss64_education_district_codes,accepted,Accepted for the 2007-08 wave because the official NSS-64 district code resolves to the same Census-2001 state and district codes and the normalized state and district names also match the Census-2001 registry exactly. Code-only or name-only agreements remain under review.
nss_2007_08__assam__18114__tinsukia,nss_2007_08,Assam,Tinsukia,pc2001__18__14,official_nss64_census2001_code_name_identity,nss64_education_district_codes,accepted,Accepted for the 2007-08 wave because the official NSS-64 district code resolves to the same Census-2001 state and district codes and the normalized state and district names also match the Census-2001 registry exactly. Code-only or name-only agreements remain under review.
nss_2007_08__assam__18115__dibrugarh,nss_2007_08,Assam,Dibrugarh,pc2001__18__15,official_nss64_census2001_code_name_identity,nss64_education_district_codes,accepted,Accepted for the 2007-08 wave because the official NSS-64 district code resolves to the same Census-2001 state and district codes and the normalized state and district names also match the Census-2001 registry exactly. Code-only or name-only agreements remain under review.
nss_2007_08__assam__18116__sibsagar,nss_2007_08,Assam,Sibsagar,pc2001__18__16,official_nss64_census2001_code_name_identity,nss64_education_district_codes,accepted,Accepted for the 2007-08 wave because the official NSS-64 district code resolves to the same Census-2001 state and district codes and the normalized state and district names also match the Census-2001 registry exactly. Code-only or name-only agreements remain under review.
nss_2007_08__assam__18117__jorhat,nss_2007_08,Assam,Jorhat,pc2001__18__17,official_nss64_census2001_code_name_identity,nss64_education_district_codes,accepted,Accepted for the 2007-08 wave because the official NSS-64 district code resolves to the same Census-2001 state and district codes and the normalized state and district names also match the Census-2001 registry exactly. Code-only or name-only agreements remain under review.
nss_2007_08__assam__18118__golaghat,nss_2007_08,Assam,Golaghat,pc2001__18__18,official_nss64_census2001_code_name_identity,nss64_education_district_codes,accepted,Accepted for the 2007-08 wave because the official NSS-64 district code resolves to the same Census-2001 state and district codes and the normalized state and district names also match the Census-2001 registry exactly. Code-only or name-only agreements remain under review.
nss_2007_08__bihar__10103__sheohar,nss_2007_08,Bihar,Sheohar,pc2001__10__03,official_nss64_census2001_code_name_identity,nss64_education_district_codes,accepted,Accepted for the 2007-08 wave because the official NSS-64 district code resolves to the same Census-2001 state and district codes and the normalized state and district names also match the Census-2001 registry exactly. Code-only or name-only agreements remain under review.
nss_2007_08__bihar__10105__madhubani,nss_2007_08,Bihar,Madhubani,pc2001__10__05,official_nss64_census2001_code_name_identity,nss64_education_district_codes,accepted,Accepted for the 2007-08 wave because the official NSS-64 district code resolves to the same Census-2001 state and district codes and the normalized state and district names also match the Census-2001 registry exactly. Code-only or name-only agreements remain under review.
nss_2007_08__bihar__10106__supaul,nss_2007_08,Bihar,Supaul,pc2001__10__06,official_nss64_census2001_code_name_identity,nss64_education_district_codes,accepted,Accepted for the 2007-08 wave because the official NSS-64 district code resolves to the same Census-2001 state and district codes and the normalized state and district names also match the Census-2001 registry exactly. Code-only or name-only agreements remain under review.
nss_2007_08__bihar__10107__araria,nss_2007_08,Bihar,Araria,pc2001__10__07,official_nss64_census2001_code_name_identity,nss64_education_district_codes,accepted,Accepted for the 2007-08 wave because the official NSS-64 district code resolves to the same Census-2001 state and district codes and the normalized state and district names also match the Census-2001 registry exactly. Code-only or name-only agreements remain under review.
nss_2007_08__bihar__10108__kishanganj,nss_2007_08,Bihar,Kishanganj,pc2001__10__08,official_nss64_census2001_code_name_identity,nss64_education_district_codes,accepted,Accepted for the 2007-08 wave because the official NSS-64 district code resolves to the same Census-2001 state and district codes and the normalized state and district names also match the Census-2001 registry exactly. Code-only or name-only agreements remain under review.
nss_2007_08__bihar__10110__katihar,nss_2007_08,Bihar,Katihar,pc2001__10__10,official_nss64_census2001_code_name_identity,nss64_education_district_codes,accepted,Accepted for the 2007-08 wave because the official NSS-64 district code resolves to the same Census-2001 state and district codes and the normalized state and district names also match the Census-2001 registry exactly. Code-only or name-only agreements remain under review.
nss_2007_08__bihar__10111__madhepura,nss_2007_08,Bihar,Madhepura,pc2001__10__11,official_nss64_census2001_code_name_identity,nss64_education_district_codes,accepted,Accepted for the 2007-08 wave because the official NSS-64 district code resolves to the same Census-2001 state and district codes and the normalized state and district names also match the Census-2001 registry exactly. Code-only or name-only agreements remain under review.
nss_2007_08__bihar__10112__saharsa,nss_2007_08,Bihar,Saharsa,pc2001__10__12,official_nss64_census2001_code_name_identity,nss64_education_district_codes,accepted,Accepted for the 2007-08 wave because the official NSS-64 district code resolves to the same Census-2001 state and district codes and the normalized state and district names also match the Census-2001 registry exactly. Code-only or name-only agreements remain under review.
nss_2007_08__bihar__10113__darbhanga,nss_2007_08,Bihar,Darbhanga,pc2001__10__13,official_nss64_census2001_code_name_identity,nss64_education_district_codes,accepted,Accepted for the 2007-08 wave because the official NSS-64 district code resolves to the same Census-2001 state and district codes and the normalized state and district names also match the Census-2001 registry exactly. Code-only or name-only agreements remain under review.
nss_2007_08__bihar__10114__muzaffarpur,nss_2007_08,Bihar,Muzaffarpur,pc2001__10__14,official_nss64_census2001_code_name_identity,nss64_education_district_codes,accepted,Accepted for the 2007-08 wave because the official NSS-64 district code resolves to the same Census-2001 state and district codes and the normalized state and district names also match the Census-2001 registry exactly. Code-only or name-only agreements remain under review.
nss_2007_08__bihar__10115__gopalganj,nss_2007_08,Bihar,Gopalganj,pc2001__10__15,official_nss64_census2001_code_name_identity,nss64_education_district_codes,accepted,Accepted for the 2007-08 wave because the official NSS-64 district code resolves to the same Census-2001 state and district codes and the normalized state and district names also match the Census-2001 registry exactly. Code-only or name-only agreements remain under review.
nss_2007_08__bihar__10116__siwan,nss_2007_08,Bihar,Siwan,pc2001__10__16,official_nss64_census2001_code_name_identity,nss64_education_district_codes,accepted,Accepted for the 2007-08 wave because the official NSS-64 district code resolves to the same Census-2001 state and district codes and the normalized state and district names also match the Census-2001 registry exactly. Code-only or name-only agreements remain under review.
nss_2007_08__bihar__10117__saran,nss_2007_08,Bihar,Saran,pc2001__10__17,official_nss64_census2001_code_name_identity,nss64_education_district_codes,accepted,Accepted for the 2007-08 wave because the official NSS-64 district code resolves to the same Census-2001 state and district codes and the normalized state and district names also match the Census-2001 registry exactly. Code-only or name-only agreements remain under review.
nss_2007_08__bihar__10118__vaishali,nss_2007_08,Bihar,Vaishali,pc2001__10__18,official_nss64_census2001_code_name_identity,nss64_education_district_codes,accepted,Accepted for the 2007-08 wave because the official NSS-64 district code resolves to the same Census-2001 state and district codes and the normalized state and district names also match the Census-2001 registry exactly. Code-only or name-only agreements remain under review.
nss_2007_08__bihar__10119__samastipur,nss_2007_08,Bihar,Samastipur,pc2001__10__19,official_nss64_census2001_code_name_identity,nss64_education_district_codes,accepted,Accepted for the 2007-08 wave because the official NSS-64 district code resolves to the same Census-2001 state and district codes and the normalized state and district names also match the Census-2001 registry exactly. Code-only or name-only agreements remain under review.
nss_2007_08__bihar__10120__begusarai,nss_2007_08,Bihar,Begusarai,pc2001__10__20,official_nss64_census2001_code_name_identity,nss64_education_district_codes,accepted,Accepted for the 2007-08 wave because the official NSS-64 district code resolves to the same Census-2001 state and district codes and the normalized state and district names also match the Census-2001 registry exactly. Code-only or name-only agreements remain under review.
nss_2007_08__bihar__10121__khagaria,nss_2007_08,Bihar,Khagaria,pc2001__10__21,official_nss64_census2001_code_name_identity,nss64_education_district_codes,accepted,Accepted for the 2007-08 wave because the official NSS-64 district code resolves to the same Census-2001 state and district codes and the normalized state and district names also match the Census-2001 registry exactly. Code-only or name-only agreements remain under review.
nss_2007_08__chandigarh__04101__chandigarh,nss_2007_08,Chandigarh,Chandigarh,pc2001__04__01,official_nss64_census2001_code_name_identity,nss64_education_district_codes,accepted,Accepted for the 2007-08 wave because the official NSS-64 district code resolves to the same Census-2001 state and district codes and the normalized state and district names also match the Census-2001 registry exactly. Code-only or name-only agreements remain under review.
nss_2007_08__chhattisgarh__22101__koriya,nss_2007_08,Chhattisgarh,Koriya,pc2001__22__01,official_nss64_census2001_code_name_identity,nss64_education_district_codes,accepted,Accepted for the 2007-08 wave because the official NSS-64 district code resolves to the same Census-2001 state and district codes and the normalized state and district names also match the Census-2001 registry exactly. Code-only or name-only agreements remain under review.
nss_2007_08__chhattisgarh__22102__surguja,nss_2007_08,Chhattisgarh,Surguja,pc2001__22__02,official_nss64_census2001_code_name_identity,nss64_education_district_codes,accepted,Accepted for the 2007-08 wave because the official NSS-64 district code resolves to the same Census-2001 state and district codes and the normalized state and district names also match the Census-2001 registry exactly. Code-only or name-only agreements remain under review.
nss_2007_08__dadra and nagar haveli__26101__dadra and nagar haveli,nss_2007_08,Dadra & Nagar Haveli,Dadra     &  Nagar Haveli,pc2001__26__01,official_nss64_census2001_code_name_identity,nss64_education_district_codes,accepted,Accepted for the 2007-08 wave because the official NSS-64 district code resolves to the same Census-2001 state and district codes and the normalized state and district names also match the Census-2001 registry exactly. Code-only or name-only agreements remain under review.
nss_2007_08__daman and diu__25101__diu,nss_2007_08,Daman & Diu,Diu,pc2001__25__01,official_nss64_census2001_code_name_identity,nss64_education_district_codes,accepted,Accepted for the 2007-08 wave because the official NSS-64 district code resolves to the same Census-2001 state and district codes and the normalized state and district names also match the Census-2001 registry exactly. Code-only or name-only agreements remain under review.
nss_2007_08__daman and diu__25102__daman,nss_2007_08,Daman & Diu,Daman,pc2001__25__02,official_nss64_census2001_code_name_identity,nss64_education_district_codes,accepted,Accepted for the 2007-08 wave because the official NSS-64 district code resolves to the same Census-2001 state and district codes and the normalized state and district names also match the Census-2001 registry exactly. Code-only or name-only agreements remain under review.
nss_2007_08__delhi__07101__north west,nss_2007_08,Delhi,North West,pc2001__07__01,official_unchanged_boundary_carryback,census2011_delhi_admin_atlas,accepted,Accepted as the named Census 2001 district under the reviewed unchanged-boundary decision. The exact normalized name agrees with the official census frame; later Delhi reorganization is outside both NSS reference dates.
nss_2007_08__delhi__07102__north,nss_2007_08,Delhi,North,pc2001__07__02,official_unchanged_boundary_carryback,census2011_delhi_admin_atlas,accepted,Accepted as the named Census 2001 district under the reviewed unchanged-boundary decision. The exact normalized name agrees with the official census frame; later Delhi reorganization is outside both NSS reference dates.
nss_2007_08__delhi__07103__north east,nss_2007_08,Delhi,North East,pc2001__07__03,official_unchanged_boundary_carryback,census2011_delhi_admin_atlas,accepted,Accepted as the named Census 2001 district under the reviewed unchanged-boundary decision. The exact normalized name agrees with the official census frame; later Delhi reorganization is outside both NSS reference dates.
nss_2007_08__delhi__07104__east,nss_2007_08,Delhi,East,pc2001__07__04,official_unchanged_boundary_carryback,census2011_delhi_admin_atlas,accepted,Accepted as the named Census 2001 district under the reviewed unchanged-boundary decision. The exact normalized name agrees with the official census frame; later Delhi reorganization is outside both NSS reference dates.
nss_2007_08__delhi__07107__west,nss_2007_08,Delhi,West,pc2001__07__07,official_unchanged_boundary_carryback,census2011_delhi_admin_atlas,accepted,Accepted as the named Census 2001 district under the reviewed unchanged-boundary decision. The exact normalized name agrees with the official census frame; later Delhi reorganization is outside both NSS reference dates.
nss_2007_08__delhi__07108__south west,nss_2007_08,Delhi,South West,pc2001__07__08,official_unchanged_boundary_carryback,census2011_delhi_admin_atlas,accepted,Accepted as the named Census 2001 district under the reviewed unchanged-boundary decision. The exact normalized name agrees with the official census frame; later Delhi reorganization is outside both NSS reference dates.
nss_2007_08__delhi__07109__south,nss_2007_08,Delhi,South,pc2001__07__09,official_unchanged_boundary_carryback,census2011_delhi_admin_atlas,accepted,Accepted as the named Census 2001 district under the reviewed unchanged-boundary decision. The exact normalized name agrees with the official census frame; later Delhi reorganization is outside both NSS reference dates.
nss_2007_08__goa__30101__north goa,nss_2007_08,Goa,North  Goa,pc2001__30__01,official_nss64_census2001_code_name_identity,nss64_education_district_codes,accepted,Accepted for the 2007-08 wave because the official NSS-64 district code resolves to the same Census-2001 state and district codes and the normalized state and district names also match the Census-2001 registry exactly. Code-only or name-only agreements remain under review.
nss_2007_08__goa__30102__south goa,nss_2007_08,Goa,South  Goa,pc2001__30__02,official_nss64_census2001_code_name_identity,nss64_education_district_codes,accepted,Accepted for the 2007-08 wave because the official NSS-64 district code resolves to the same Census-2001 state and district codes and the normalized state and district names also match the Census-2001 registry exactly. Code-only or name-only agreements remain under review.
nss_2007_08__gujarat__24117__panch mahals,nss_2007_08,Gujrat,Panch Mahals,pc2001__24__17,official_nss64_census2001_code_name_identity,nss64_education_district_codes,accepted,Accepted for the 2007-08 wave because the official NSS-64 district code resolves to the same Census-2001 state and district codes and the normalized state and district names also match the Census-2001 registry exactly. Code-only or name-only agreements remain under review.
nss_2007_08__gujarat__24118__dohad,nss_2007_08,Gujrat,Dohad,pc2001__24__18,official_nss64_census2001_code_name_identity,nss64_education_district_codes,accepted,Accepted for the 2007-08 wave because the official NSS-64 district code resolves to the same Census-2001 state and district codes and the normalized state and district names also match the Census-2001 registry exactly. Code-only or name-only agreements remain under review.
nss_2007_08__gujarat__24119__vadodara,nss_2007_08,Gujrat,Vadodara,pc2001__24__19,official_nss64_census2001_code_name_identity,nss64_education_district_codes,accepted,Accepted for the 2007-08 wave because the official NSS-64 district code resolves to the same Census-2001 state and district codes and the normalized state and district names also match the Census-2001 registry exactly. Code-only or name-only agreements remain under review.
nss_2007_08__gujarat__24120__narmada,nss_2007_08,Gujrat,Narmada,pc2001__24__20,official_nss64_census2001_code_name_identity,nss64_education_district_codes,accepted,Accepted for the 2007-08 wave because the official NSS-64 district code resolves to the same Census-2001 state and district codes and the normalized state and district names also match the Census-2001 registry exactly. Code-only or name-only agreements remain under review.
nss_2007_08__gujarat__24121__bharuch,nss_2007_08,Gujrat,Bharuch,pc2001__24__21,official_nss64_census2001_code_name_identity,nss64_education_district_codes,accepted,Accepted for the 2007-08 wave because the official NSS-64 district code resolves to the same Census-2001 state and district codes and the normalized state and district names also match the Census-2001 registry exactly. Code-only or name-only agreements remain under review.
nss_2007_08__gujarat__24122__surat,nss_2007_08,Gujrat,Surat,pc2001__24__22,official_nss64_census2001_code_name_identity,nss64_education_district_codes,accepted,Accepted for the 2007-08 wave because the official NSS-64 district code resolves to the same Census-2001 state and district codes and the normalized state and district names also match the Census-2001 registry exactly. Code-only or name-only agreements remain under review.
nss_2007_08__gujarat__24123__the dangs,nss_2007_08,Gujrat,The Dangs,pc2001__24__23,official_nss64_census2001_code_name_identity,nss64_education_district_codes,accepted,Accepted for the 2007-08 wave because the official NSS-64 district code resolves to the same Census-2001 state and district codes and the normalized state and district names also match the Census-2001 registry exactly. Code-only or name-only agreements remain under review.
nss_2007_08__gujarat__24124__navsari,nss_2007_08,Gujrat,Navsari,pc2001__24__24,official_nss64_census2001_code_name_identity,nss64_education_district_codes,accepted,Accepted for the 2007-08 wave because the official NSS-64 district code resolves to the same Census-2001 state and district codes and the normalized state and district names also match the Census-2001 registry exactly. Code-only or name-only agreements remain under review.
nss_2007_08__gujarat__24125__valsad,nss_2007_08,Gujrat,Valsad,pc2001__24__25,official_nss64_census2001_code_name_identity,nss64_education_district_codes,accepted,Accepted for the 2007-08 wave because the official NSS-64 district code resolves to the same Census-2001 state and district codes and the normalized state and district names also match the Census-2001 registry exactly. Code-only or name-only agreements remain under review.
nss_2007_08__haryana__06101__panchkula,nss_2007_08,Haryana,Panchkula,pc2001__06__01,official_nss64_census2001_code_name_identity,nss64_education_district_codes,accepted,Accepted for the 2007-08 wave because the official NSS-64 district code resolves to the same Census-2001 state and district codes and the normalized state and district names also match the Census-2001 registry exactly. Code-only or name-only agreements remain under review.
nss_2007_08__haryana__06102__ambala,nss_2007_08,Haryana,Ambala,pc2001__06__02,official_nss64_census2001_code_name_identity,nss64_education_district_codes,accepted,Accepted for the 2007-08 wave because the official NSS-64 district code resolves to the same Census-2001 state and district codes and the normalized state and district names also match the Census-2001 registry exactly. Code-only or name-only agreements remain under review.
nss_2007_08__haryana__06104__kurukshetra,nss_2007_08,Haryana,Kurukshetra,pc2001__06__04,official_nss64_census2001_code_name_identity,nss64_education_district_codes,accepted,Accepted for the 2007-08 wave because the official NSS-64 district code resolves to the same Census-2001 state and district codes and the normalized state and district names also match the Census-2001 registry exactly. Code-only or name-only agreements remain under review.
nss_2007_08__haryana__06105__kaithal,nss_2007_08,Haryana,Kaithal,pc2001__06__05,official_nss64_census2001_code_name_identity,nss64_education_district_codes,accepted,Accepted for the 2007-08 wave because the official NSS-64 district code resolves to the same Census-2001 state and district codes and the normalized state and district names also match the Census-2001 registry exactly. Code-only or name-only agreements remain under review.
nss_2007_08__haryana__06106__karnal,nss_2007_08,Haryana,Karnal,pc2001__06__06,official_nss64_census2001_code_name_identity,nss64_education_district_codes,accepted,Accepted for the 2007-08 wave because the official NSS-64 district code resolves to the same Census-2001 state and district codes and the normalized state and district names also match the Census-2001 registry exactly. Code-only or name-only agreements remain under review.
nss_2007_08__haryana__06107__panipat,nss_2007_08,Haryana,Panipat,pc2001__06__07,official_nss64_census2001_code_name_identity,nss64_education_district_codes,accepted,Accepted for the 2007-08 wave because the official NSS-64 district code resolves to the same Census-2001 state and district codes and the normalized state and district names also match the Census-2001 registry exactly. Code-only or name-only agreements remain under review.
nss_2007_08__haryana__06108__sonipat,nss_2007_08,Haryana,Sonipat,pc2001__06__08,official_nss64_census2001_code_name_identity,nss64_education_district_codes,accepted,Accepted for the 2007-08 wave because the official NSS-64 district code resolves to the same Census-2001 state and district codes and the normalized state and district names also match the Census-2001 registry exactly. Code-only or name-only agreements remain under review.
nss_2007_08__haryana__06114__rohtak,nss_2007_08,Haryana,Rohtak,pc2001__06__14,official_nss64_census2001_code_name_identity,nss64_education_district_codes,accepted,Accepted for the 2007-08 wave because the official NSS-64 district code resolves to the same Census-2001 state and district codes and the normalized state and district names also match the Census-2001 registry exactly. Code-only or name-only agreements remain under review.
nss_2007_08__haryana__06118__gurgaon,nss_2007_08,Haryana,Gurgaon,pc2001__06__18,official_nss64_census2001_code_name_identity,nss64_education_district_codes,accepted,Accepted for the 2007-08 wave because the official NSS-64 district code resolves to the same Census-2001 state and district codes and the normalized state and district names also match the Census-2001 registry exactly. Code-only or name-only agreements remain under review.
nss_2007_08__haryana__06119__faridabad,nss_2007_08,Haryana,Faridabad,pc2001__06__19,official_nss64_census2001_code_name_identity,nss64_education_district_codes,accepted,Accepted for the 2007-08 wave because the official NSS-64 district code resolves to the same Census-2001 state and district codes and the normalized state and district names also match the Census-2001 registry exactly. Code-only or name-only agreements remain under review.
nss_2007_08__himachal pradesh__02102__kangra,nss_2007_08,Himachal Pradesh,Kangra,pc2001__02__02,official_nss64_census2001_code_name_identity,nss64_education_district_codes,accepted,Accepted for the 2007-08 wave because the official NSS-64 district code resolves to the same Census-2001 state and district codes and the normalized state and district names also match the Census-2001 registry exactly. Code-only or name-only agreements remain under review.
nss_2007_08__himachal pradesh__02104__kullu,nss_2007_08,Himachal Pradesh,Kullu,pc2001__02__04,official_nss64_census2001_code_name_identity,nss64_education_district_codes,accepted,Accepted for the 2007-08 wave because the official NSS-64 district code resolves to the same Census-2001 state and district codes and the normalized state and district names also match the Census-2001 registry exactly. Code-only or name-only agreements remain under review.
nss_2007_08__himachal pradesh__02105__mandi,nss_2007_08,Himachal Pradesh,Mandi,pc2001__02__05,official_nss64_census2001_code_name_identity,nss64_education_district_codes,accepted,Accepted for the 2007-08 wave because the official NSS-64 district code resolves to the same Census-2001 state and district codes and the normalized state and district names also match the Census-2001 registry exactly. Code-only or name-only agreements remain under review.
nss_2007_08__himachal pradesh__02106__hamirpur,nss_2007_08,Himachal Pradesh,Hamirpur,pc2001__02__06,official_nss64_census2001_code_name_identity,nss64_education_district_codes,accepted,Accepted for the 2007-08 wave because the official NSS-64 district code resolves to the same Census-2001 state and district codes and the normalized state and district names also match the Census-2001 registry exactly. Code-only or name-only agreements remain under review.
nss_2007_08__himachal pradesh__02107__una,nss_2007_08,Himachal Pradesh,Una,pc2001__02__07,official_nss64_census2001_code_name_identity,nss64_education_district_codes,accepted,Accepted for the 2007-08 wave because the official NSS-64 district code resolves to the same Census-2001 state and district codes and the normalized state and district names also match the Census-2001 registry exactly. Code-only or name-only agreements remain under review.
nss_2007_08__jammu and kashmir__01113__jammu,nss_2007_08,Jammu & Kashmir,Jammu,pc2001__01__13,official_nss64_census2001_code_name_identity,nss64_education_district_codes,accepted,Accepted for the 2007-08 wave because the official NSS-64 district code resolves to the same Census-2001 state and district codes and the normalized state and district names also match the Census-2001 registry exactly. Code-only or name-only agreements remain under review.
nss_2007_08__jharkhand__20101__garhwa,nss_2007_08,Jharkhand,Garhwa,pc2001__20__01,official_nss64_census2001_code_name_identity,nss64_education_district_codes,accepted,Accepted for the 2007-08 wave because the official NSS-64 district code resolves to the same Census-2001 state and district codes and the normalized state and district names also match the Census-2001 registry exactly. Code-only or name-only agreements remain under review.
nss_2007_08__jharkhand__20102__palamu,nss_2007_08,Jharkhand,Palamu,pc2001__20__02,official_nss64_census2001_code_name_identity,nss64_education_district_codes,accepted,Accepted for the 2007-08 wave because the official NSS-64 district code resolves to the same Census-2001 state and district codes and the normalized state and district names also match the Census-2001 registry exactly. Code-only or name-only agreements remain under review.
nss_2007_08__jharkhand__20114__ranchi,nss_2007_08,Jharkhand,Ranchi,pc2001__20__14,official_nss64_census2001_code_name_identity,nss64_education_district_codes,accepted,Accepted for the 2007-08 wave because the official NSS-64 district code resolves to the same Census-2001 state and district codes and the normalized state and district names also match the Census-2001 registry exactly. Code-only or name-only agreements remain under review.
nss_2007_08__jharkhand__20116__gumla,nss_2007_08,Jharkhand,Gumla,pc2001__20__16,official_nss64_census2001_code_name_identity,nss64_education_district_codes,accepted,Accepted for the 2007-08 wave because the official NSS-64 district code resolves to the same Census-2001 state and district codes and the normalized state and district names also match the Census-2001 registry exactly. Code-only or name-only agreements remain under review.
nss_2007_08__karnataka__29116__udupi,nss_2007_08,Karnataka,Udupi,pc2001__29__16,official_nss64_census2001_code_name_identity,nss64_education_district_codes,accepted,Accepted for the 2007-08 wave because the official NSS-64 district code resolves to the same Census-2001 state and district codes and the normalized state and district names also match the Census-2001 registry exactly. Code-only or name-only agreements remain under review.
nss_2007_08__kerala__32101__kasaragod,nss_2007_08,Kerala,Kasaragod,pc2001__32__01,official_nss64_census2001_code_name_identity,nss64_education_district_codes,accepted,Accepted for the 2007-08 wave because the official NSS-64 district code resolves to the same Census-2001 state and district codes and the normalized state and district names also match the Census-2001 registry exactly. Code-only or name-only agreements remain under review.
nss_2007_08__kerala__32102__kannur,nss_2007_08,Kerala,Kannur,pc2001__32__02,official_nss64_census2001_code_name_identity,nss64_education_district_codes,accepted,Accepted for the 2007-08 wave because the official NSS-64 district code resolves to the same Census-2001 state and district codes and the normalized state and district names also match the Census-2001 registry exactly. Code-only or name-only agreements remain under review.
nss_2007_08__kerala__32103__wayanad,nss_2007_08,Kerala,Wayanad,pc2001__32__03,official_nss64_census2001_code_name_identity,nss64_education_district_codes,accepted,Accepted for the 2007-08 wave because the official NSS-64 district code resolves to the same Census-2001 state and district codes and the normalized state and district names also match the Census-2001 registry exactly. Code-only or name-only agreements remain under review.
nss_2007_08__kerala__32104__kozhikode,nss_2007_08,Kerala,Kozhikode,pc2001__32__04,official_nss64_census2001_code_name_identity,nss64_education_district_codes,accepted,Accepted for the 2007-08 wave because the official NSS-64 district code resolves to the same Census-2001 state and district codes and the normalized state and district names also match the Census-2001 registry exactly. Code-only or name-only agreements remain under review.
nss_2007_08__kerala__32106__palakkad,nss_2007_08,Kerala,Palakkad,pc2001__32__06,official_nss64_census2001_code_name_identity,nss64_education_district_codes,accepted,Accepted for the 2007-08 wave because the official NSS-64 district code resolves to the same Census-2001 state and district codes and the normalized state and district names also match the Census-2001 registry exactly. Code-only or name-only agreements remain under review.
nss_2007_08__lakshadweep__31101__lakshadweep,nss_2007_08,Lakshadweep,Lakshadweep,pc2001__31__01,official_nss64_census2001_code_name_identity,nss64_education_district_codes,accepted,Accepted for the 2007-08 wave because the official NSS-64 district code resolves to the same Census-2001 state and district codes and the normalized state and district names also match the Census-2001 registry exactly. Code-only or name-only agreements remain under review.
nss_2007_08__madhya pradesh__23108__tikamgarh,nss_2007_08,Madhya Pradesh,Tikamgarh,pc2001__23__08,official_nss64_census2001_code_name_identity,nss64_education_district_codes,accepted,Accepted for the 2007-08 wave because the official NSS-64 district code resolves to the same Census-2001 state and district codes and the normalized state and district names also match the Census-2001 registry exactly. Code-only or name-only agreements remain under review.
nss_2007_08__madhya pradesh__23109__chhatarpur,nss_2007_08,Madhya Pradesh,Chhatarpur,pc2001__23__09,official_nss64_census2001_code_name_identity,nss64_education_district_codes,accepted,Accepted for the 2007-08 wave because the official NSS-64 district code resolves to the same Census-2001 state and district codes and the normalized state and district names also match the Census-2001 registry exactly. Code-only or name-only agreements remain under review.
nss_2007_08__madhya pradesh__23110__panna,nss_2007_08,Madhya Pradesh,Panna,pc2001__23__10,official_nss64_census2001_code_name_identity,nss64_education_district_codes,accepted,Accepted for the 2007-08 wave because the official NSS-64 district code resolves to the same Census-2001 state and district codes and the normalized state and district names also match the Census-2001 registry exactly. Code-only or name-only agreements remain under review.
nss_2007_08__madhya pradesh__23113__satna,nss_2007_08,Madhya Pradesh,Satna,pc2001__23__13,official_nss64_census2001_code_name_identity,nss64_education_district_codes,accepted,Accepted for the 2007-08 wave because the official NSS-64 district code resolves to the same Census-2001 state and district codes and the normalized state and district names also match the Census-2001 registry exactly. Code-only or name-only agreements remain under review.
nss_2007_08__madhya pradesh__23114__rewa,nss_2007_08,Madhya Pradesh,Rewa,pc2001__23__14,official_nss64_census2001_code_name_identity,nss64_education_district_codes,accepted,Accepted for the 2007-08 wave because the official NSS-64 district code resolves to the same Census-2001 state and district codes and the normalized state and district names also match the Census-2001 registry exactly. Code-only or name-only agreements remain under review.
nss_2007_08__madhya pradesh__23115__umaria,nss_2007_08,Madhya Pradesh,Umaria,pc2001__23__15,official_nss64_census2001_code_name_identity,nss64_education_district_codes,accepted,Accepted for the 2007-08 wave because the official NSS-64 district code resolves to the same Census-2001 state and district codes and the normalized state and district names also match the Census-2001 registry exactly. Code-only or name-only agreements remain under review.
nss_2007_08__madhya pradesh__23117__sidhi,nss_2007_08,Madhya Pradesh,Sidhi,pc2001__23__17,official_nss64_census2001_code_name_identity,nss64_education_district_codes,accepted,Accepted for the 2007-08 wave because the official NSS-64 district code resolves to the same Census-2001 state and district codes and the normalized state and district names also match the Census-2001 registry exactly. Code-only or name-only agreements remain under review.
nss_2007_08__maharashtra__27121__thane,nss_2007_08,Maharastra,Thane,pc2001__27__21,official_nss64_census2001_code_name_identity,nss64_education_district_codes,accepted,Accepted for the 2007-08 wave because the official NSS-64 district code resolves to the same Census-2001 state and district codes and the normalized state and district names also match the Census-2001 registry exactly. Code-only or name-only agreements remain under review.
nss_2007_08__maharashtra__27122__mumbai suburban,nss_2007_08,Maharastra,Mumbai Suburban,pc2001__27__22,official_unchanged_boundary_carryback,census2011_maharashtra_admin_atlas,accepted,Accepted as the named Census 2001 district under the reviewed unchanged-boundary decision. The exact normalized name agrees with the official census frame; later Delhi reorganization is outside both NSS reference dates.
nss_2007_08__maharashtra__27124__raigarh,nss_2007_08,Maharastra,Raigarh,pc2001__27__24,official_nss64_census2001_code_name_identity,nss64_education_district_codes,accepted,Accepted for the 2007-08 wave because the official NSS-64 district code resolves to the same Census-2001 state and district codes and the normalized state and district names also match the Census-2001 registry exactly. Code-only or name-only agreements remain under review.
nss_2007_08__maharashtra__27132__ratnagiri,nss_2007_08,Maharastra,Ratnagiri,pc2001__27__32,official_nss64_census2001_code_name_identity,nss64_education_district_codes,accepted,Accepted for the 2007-08 wave because the official NSS-64 district code resolves to the same Census-2001 state and district codes and the normalized state and district names also match the Census-2001 registry exactly. Code-only or name-only agreements remain under review.
nss_2007_08__maharashtra__27133__sindhudurg,nss_2007_08,Maharastra,Sindhudurg,pc2001__27__33,official_nss64_census2001_code_name_identity,nss64_education_district_codes,accepted,Accepted for the 2007-08 wave because the official NSS-64 district code resolves to the same Census-2001 state and district codes and the normalized state and district names also match the Census-2001 registry exactly. Code-only or name-only agreements remain under review.
nss_2007_08__manipur__14104__bishnupur,nss_2007_08,Manipur,Bishnupur,pc2001__14__04,official_nss64_census2001_code_name_identity,nss64_education_district_codes,accepted,Accepted for the 2007-08 wave because the official NSS-64 district code resolves to the same Census-2001 state and district codes and the normalized state and district names also match the Census-2001 registry exactly. Code-only or name-only agreements remain under review.
nss_2007_08__manipur__14105__thoubal,nss_2007_08,Manipur,Thoubal,pc2001__14__05,official_nss64_census2001_code_name_identity,nss64_education_district_codes,accepted,Accepted for the 2007-08 wave because the official NSS-64 district code resolves to the same Census-2001 state and district codes and the normalized state and district names also match the Census-2001 registry exactly. Code-only or name-only agreements remain under review.
nss_2007_08__manipur__14106__imphal west,nss_2007_08,Manipur,Imphal West,pc2001__14__06,official_nss64_census2001_code_name_identity,nss64_education_district_codes,accepted,Accepted for the 2007-08 wave because the official NSS-64 district code resolves to the same Census-2001 state and district codes and the normalized state and district names also match the Census-2001 registry exactly. Code-only or name-only agreements remain under review.
nss_2007_08__manipur__14107__imphal east,nss_2007_08,Manipur,Imphal East,pc2001__14__07,official_nss64_census2001_code_name_identity,nss64_education_district_codes,accepted,Accepted for the 2007-08 wave because the official NSS-64 district code resolves to the same Census-2001 state and district codes and the normalized state and district names also match the Census-2001 registry exactly. Code-only or name-only agreements remain under review.
nss_2007_08__meghalaya__17101__west garo hills,nss_2007_08,Meghalaya,West Garo Hills,pc2001__17__01,official_nss64_census2001_code_name_identity,nss64_education_district_codes,accepted,Accepted for the 2007-08 wave because the official NSS-64 district code resolves to the same Census-2001 state and district codes and the normalized state and district names also match the Census-2001 registry exactly. Code-only or name-only agreements remain under review.
nss_2007_08__meghalaya__17102__east garo hills,nss_2007_08,Meghalaya,East Garo Hills,pc2001__17__02,official_nss64_census2001_code_name_identity,nss64_education_district_codes,accepted,Accepted for the 2007-08 wave because the official NSS-64 district code resolves to the same Census-2001 state and district codes and the normalized state and district names also match the Census-2001 registry exactly. Code-only or name-only agreements remain under review.
nss_2007_08__meghalaya__17103__south garo hills,nss_2007_08,Meghalaya,South Garo Hills,pc2001__17__03,official_nss64_census2001_code_name_identity,nss64_education_district_codes,accepted,Accepted for the 2007-08 wave because the official NSS-64 district code resolves to the same Census-2001 state and district codes and the normalized state and district names also match the Census-2001 registry exactly. Code-only or name-only agreements remain under review.
nss_2007_08__meghalaya__17104__west khasi hills,nss_2007_08,Meghalaya,West Khasi Hills,pc2001__17__04,official_nss64_census2001_code_name_identity,nss64_education_district_codes,accepted,Accepted for the 2007-08 wave because the official NSS-64 district code resolves to the same Census-2001 state and district codes and the normalized state and district names also match the Census-2001 registry exactly. Code-only or name-only agreements remain under review.
nss_2007_08__meghalaya__17105__ri bhoi,nss_2007_08,Meghalaya,Ri - bhoi,pc2001__17__05,official_nss64_census2001_code_name_identity,nss64_education_district_codes,accepted,Accepted for the 2007-08 wave because the official NSS-64 district code resolves to the same Census-2001 state and district codes and the normalized state and district names also match the Census-2001 registry exactly. Code-only or name-only agreements remain under review.
nss_2007_08__meghalaya__17106__east khasi hills,nss_2007_08,Meghalaya,East Khasi Hills,pc2001__17__06,official_nss64_census2001_code_name_identity,nss64_education_district_codes,accepted,Accepted for the 2007-08 wave because the official NSS-64 district code resolves to the same Census-2001 state and district codes and the normalized state and district names also match the Census-2001 registry exactly. Code-only or name-only agreements remain under review.
nss_2007_08__meghalaya__17107__jaintia hills,nss_2007_08,Meghalaya,Jaintia Hills,pc2001__17__07,official_nss64_census2001_code_name_identity,nss64_education_district_codes,accepted,Accepted for the 2007-08 wave because the official NSS-64 district code resolves to the same Census-2001 state and district codes and the normalized state and district names also match the Census-2001 registry exactly. Code-only or name-only agreements remain under review.
nss_2007_08__mizoram__15101__mamit,nss_2007_08,Mizoram,Mamit,pc2001__15__01,official_nss64_census2001_code_name_identity,nss64_education_district_codes,accepted,Accepted for the 2007-08 wave because the official NSS-64 district code resolves to the same Census-2001 state and district codes and the normalized state and district names also match the Census-2001 registry exactly. Code-only or name-only agreements remain under review.
nss_2007_08__mizoram__15102__kolasib,nss_2007_08,Mizoram,Kolasib,pc2001__15__02,official_nss64_census2001_code_name_identity,nss64_education_district_codes,accepted,Accepted for the 2007-08 wave because the official NSS-64 district code resolves to the same Census-2001 state and district codes and the normalized state and district names also match the Census-2001 registry exactly. Code-only or name-only agreements remain under review.
nss_2007_08__mizoram__15104__champhai,nss_2007_08,Mizoram,Champhai,pc2001__15__04,official_nss64_census2001_code_name_identity,nss64_education_district_codes,accepted,Accepted for the 2007-08 wave because the official NSS-64 district code resolves to the same Census-2001 state and district codes and the normalized state and district names also match the Census-2001 registry exactly. Code-only or name-only agreements remain under review.
nss_2007_08__mizoram__15106__lunglei,nss_2007_08,Mizoram,Lunglei,pc2001__15__06,official_nss64_census2001_code_name_identity,nss64_education_district_codes,accepted,Accepted for the 2007-08 wave because the official NSS-64 district code resolves to the same Census-2001 state and district codes and the normalized state and district names also match the Census-2001 registry exactly. Code-only or name-only agreements remain under review.
nss_2007_08__mizoram__15107__lawngtlai,nss_2007_08,Mizoram,Lawngtlai,pc2001__15__07,official_nss64_census2001_code_name_identity,nss64_education_district_codes,accepted,Accepted for the 2007-08 wave because the official NSS-64 district code resolves to the same Census-2001 state and district codes and the normalized state and district names also match the Census-2001 registry exactly. Code-only or name-only agreements remain under review.
nss_2007_08__mizoram__15108__saiha,nss_2007_08,Mizoram,Saiha,pc2001__15__08,official_nss64_census2001_code_name_identity,nss64_education_district_codes,accepted,Accepted for the 2007-08 wave because the official NSS-64 district code resolves to the same Census-2001 state and district codes and the normalized state and district names also match the Census-2001 registry exactly. Code-only or name-only agreements remain under review.
nss_2007_08__nagaland__13101__mon,nss_2007_08,Nagaland,Mon,pc2001__13__01,official_nss64_census2001_code_name_identity,nss64_education_district_codes,accepted,Accepted for the 2007-08 wave because the official NSS-64 district code resolves to the same Census-2001 state and district codes and the normalized state and district names also match the Census-2001 registry exactly. Code-only or name-only agreements remain under review.
nss_2007_08__nagaland__13102__tuensang,nss_2007_08,Nagaland,Tuensang,pc2001__13__02,official_nss64_census2001_code_name_identity,nss64_education_district_codes,accepted,Accepted for the 2007-08 wave because the official NSS-64 district code resolves to the same Census-2001 state and district codes and the normalized state and district names also match the Census-2001 registry exactly. Code-only or name-only agreements remain under review.
nss_2007_08__nagaland__13104__zunheboto,nss_2007_08,Nagaland,Zunheboto,pc2001__13__04,official_nss64_census2001_code_name_identity,nss64_education_district_codes,accepted,Accepted for the 2007-08 wave because the official NSS-64 district code resolves to the same Census-2001 state and district codes and the normalized state and district names also match the Census-2001 registry exactly. Code-only or name-only agreements remain under review.
nss_2007_08__nagaland__13105__wokha,nss_2007_08,Nagaland,Wokha,pc2001__13__05,official_nss64_census2001_code_name_identity,nss64_education_district_codes,accepted,Accepted for the 2007-08 wave because the official NSS-64 district code resolves to the same Census-2001 state and district codes and the normalized state and district names also match the Census-2001 registry exactly. Code-only or name-only agreements remain under review.
nss_2007_08__nagaland__13106__dimapur,nss_2007_08,Nagaland,Dimapur,pc2001__13__06,official_nss64_census2001_code_name_identity,nss64_education_district_codes,accepted,Accepted for the 2007-08 wave because the official NSS-64 district code resolves to the same Census-2001 state and district codes and the normalized state and district names also match the Census-2001 registry exactly. Code-only or name-only agreements remain under review.
nss_2007_08__nagaland__13107__kohima,nss_2007_08,Nagaland,Kohima,pc2001__13__07,official_nss64_census2001_code_name_identity,nss64_education_district_codes,accepted,Accepted for the 2007-08 wave because the official NSS-64 district code resolves to the same Census-2001 state and district codes and the normalized state and district names also match the Census-2001 registry exactly. Code-only or name-only agreements remain under review.
nss_2007_08__nagaland__13108__phek,nss_2007_08,Nagaland,Phek,pc2001__13__08,official_nss64_census2001_code_name_identity,nss64_education_district_codes,accepted,Accepted for the 2007-08 wave because the official NSS-64 district code resolves to the same Census-2001 state and district codes and the normalized state and district names also match the Census-2001 registry exactly. Code-only or name-only agreements remain under review.
nss_2007_08__odisha__21108__baleshwar,nss_2007_08,Orissa,Baleshwar,pc2001__21__08,official_nss64_census2001_code_name_identity,nss64_education_district_codes,accepted,Accepted for the 2007-08 wave because the official NSS-64 district code resolves to the same Census-2001 state and district codes and the normalized state and district names also match the Census-2001 registry exactly. Code-only or name-only agreements remain under review.
nss_2007_08__odisha__21109__bhadrak,nss_2007_08,Orissa,Bhadrak,pc2001__21__09,official_nss64_census2001_code_name_identity,nss64_education_district_codes,accepted,Accepted for the 2007-08 wave because the official NSS-64 district code resolves to the same Census-2001 state and district codes and the normalized state and district names also match the Census-2001 registry exactly. Code-only or name-only agreements remain under review.
nss_2007_08__odisha__21110__kendrapara,nss_2007_08,Orissa,Kendrapara,pc2001__21__10,official_nss64_census2001_code_name_identity,nss64_education_district_codes,accepted,Accepted for the 2007-08 wave because the official NSS-64 district code resolves to the same Census-2001 state and district codes and the normalized state and district names also match the Census-2001 registry exactly. Code-only or name-only agreements remain under review.
nss_2007_08__odisha__21111__jagatsinghapur,nss_2007_08,Orissa,Jagatsinghapur,pc2001__21__11,official_nss64_census2001_code_name_identity,nss64_education_district_codes,accepted,Accepted for the 2007-08 wave because the official NSS-64 district code resolves to the same Census-2001 state and district codes and the normalized state and district names also match the Census-2001 registry exactly. Code-only or name-only agreements remain under review.
nss_2007_08__odisha__21112__cuttack,nss_2007_08,Orissa,Cuttack,pc2001__21__12,official_nss64_census2001_code_name_identity,nss64_education_district_codes,accepted,Accepted for the 2007-08 wave because the official NSS-64 district code resolves to the same Census-2001 state and district codes and the normalized state and district names also match the Census-2001 registry exactly. Code-only or name-only agreements remain under review.
nss_2007_08__odisha__21113__jajapur,nss_2007_08,Orissa,Jajapur,pc2001__21__13,official_nss64_census2001_code_name_identity,nss64_education_district_codes,accepted,Accepted for the 2007-08 wave because the official NSS-64 district code resolves to the same Census-2001 state and district codes and the normalized state and district names also match the Census-2001 registry exactly. Code-only or name-only agreements remain under review.
nss_2007_08__odisha__21116__nayagarh,nss_2007_08,Orissa,Nayagarh,pc2001__21__16,official_nss64_census2001_code_name_identity,nss64_education_district_codes,accepted,Accepted for the 2007-08 wave because the official NSS-64 district code resolves to the same Census-2001 state and district codes and the normalized state and district names also match the Census-2001 registry exactly. Code-only or name-only agreements remain under review.
nss_2007_08__odisha__21117__khordha,nss_2007_08,Orissa,Khordha,pc2001__21__17,official_nss64_census2001_code_name_identity,nss64_education_district_codes,accepted,Accepted for the 2007-08 wave because the official NSS-64 district code resolves to the same Census-2001 state and district codes and the normalized state and district names also match the Census-2001 registry exactly. Code-only or name-only agreements remain under review.
nss_2007_08__odisha__21118__puri,nss_2007_08,Orissa,Puri,pc2001__21__18,official_nss64_census2001_code_name_identity,nss64_education_district_codes,accepted,Accepted for the 2007-08 wave because the official NSS-64 district code resolves to the same Census-2001 state and district codes and the normalized state and district names also match the Census-2001 registry exactly. Code-only or name-only agreements remain under review.
nss_2007_08__puducherry__34101__yanam,nss_2007_08,Pondicheri,Yanam,pc2001__34__01,official_nss64_census2001_code_name_identity,nss64_education_district_codes,accepted,Accepted for the 2007-08 wave because the official NSS-64 district code resolves to the same Census-2001 state and district codes and the normalized state and district names also match the Census-2001 registry exactly. Code-only or name-only agreements remain under review.
nss_2007_08__puducherry__34102__pondicherry,nss_2007_08,Pondicheri,Pondicherry,pc2001__34__02,official_nss64_census2001_code_name_identity,nss64_education_district_codes,accepted,Accepted for the 2007-08 wave because the official NSS-64 district code resolves to the same Census-2001 state and district codes and the normalized state and district names also match the Census-2001 registry exactly. Code-only or name-only agreements remain under review.
nss_2007_08__puducherry__34103__mahe,nss_2007_08,Pondicheri,Mahe,pc2001__34__03,official_nss64_census2001_code_name_identity,nss64_education_district_codes,accepted,Accepted for the 2007-08 wave because the official NSS-64 district code resolves to the same Census-2001 state and district codes and the normalized state and district names also match the Census-2001 registry exactly. Code-only or name-only agreements remain under review.
nss_2007_08__puducherry__34104__karaikal,nss_2007_08,Pondicheri,Karaikal,pc2001__34__04,official_nss64_census2001_code_name_identity,nss64_education_district_codes,accepted,Accepted for the 2007-08 wave because the official NSS-64 district code resolves to the same Census-2001 state and district codes and the normalized state and district names also match the Census-2001 registry exactly. Code-only or name-only agreements remain under review.
nss_2007_08__punjab__03101__gurdaspur,nss_2007_08,Punjab,Gurdaspur,pc2001__03__01,official_nss64_census2001_code_name_identity,nss64_education_district_codes,accepted,Accepted for the 2007-08 wave because the official NSS-64 district code resolves to the same Census-2001 state and district codes and the normalized state and district names also match the Census-2001 registry exactly. Code-only or name-only agreements remain under review.
nss_2007_08__punjab__03102__amritsar,nss_2007_08,Punjab,Amritsar,pc2001__03__02,official_nss64_census2001_code_name_identity,nss64_education_district_codes,accepted,Accepted for the 2007-08 wave because the official NSS-64 district code resolves to the same Census-2001 state and district codes and the normalized state and district names also match the Census-2001 registry exactly. Code-only or name-only agreements remain under review.
nss_2007_08__punjab__03103__kapurthala,nss_2007_08,Punjab,Kapurthala,pc2001__03__03,official_nss64_census2001_code_name_identity,nss64_education_district_codes,accepted,Accepted for the 2007-08 wave because the official NSS-64 district code resolves to the same Census-2001 state and district codes and the normalized state and district names also match the Census-2001 registry exactly. Code-only or name-only agreements remain under review.
nss_2007_08__punjab__03104__jalandhar,nss_2007_08,Punjab,Jalandhar,pc2001__03__04,official_nss64_census2001_code_name_identity,nss64_education_district_codes,accepted,Accepted for the 2007-08 wave because the official NSS-64 district code resolves to the same Census-2001 state and district codes and the normalized state and district names also match the Census-2001 registry exactly. Code-only or name-only agreements remain under review.
nss_2007_08__punjab__03105__hoshiarpur,nss_2007_08,Punjab,Hoshiarpur,pc2001__03__05,official_nss64_census2001_code_name_identity,nss64_education_district_codes,accepted,Accepted for the 2007-08 wave because the official NSS-64 district code resolves to the same Census-2001 state and district codes and the normalized state and district names also match the Census-2001 registry exactly. Code-only or name-only agreements remain under review.
nss_2007_08__punjab__03106__nawanshahr,nss_2007_08,Punjab,Nawanshahr,pc2001__03__06,official_nss64_census2001_code_name_identity,nss64_education_district_codes,accepted,Accepted for the 2007-08 wave because the official NSS-64 district code resolves to the same Census-2001 state and district codes and the normalized state and district names also match the Census-2001 registry exactly. Code-only or name-only agreements remain under review.
nss_2007_08__punjab__03107__rupnagar,nss_2007_08,Punjab,Rupnagar,pc2001__03__07,official_nss64_census2001_code_name_identity,nss64_education_district_codes,accepted,Accepted for the 2007-08 wave because the official NSS-64 district code resolves to the same Census-2001 state and district codes and the normalized state and district names also match the Census-2001 registry exactly. Code-only or name-only agreements remain under review.
nss_2007_08__rajasthan__08103__bikaner,nss_2007_08,Rajasthan,Bikaner,pc2001__08__03,official_nss64_census2001_code_name_identity,nss64_education_district_codes,accepted,Accepted for the 2007-08 wave because the official NSS-64 district code resolves to the same Census-2001 state and district codes and the normalized state and district names also match the Census-2001 registry exactly. Code-only or name-only agreements remain under review.
nss_2007_08__rajasthan__08115__jodhpur,nss_2007_08,Rajasthan,Jodhpur,pc2001__08__15,official_nss64_census2001_code_name_identity,nss64_education_district_codes,accepted,Accepted for the 2007-08 wave because the official NSS-64 district code resolves to the same Census-2001 state and district codes and the normalized state and district names also match the Census-2001 registry exactly. Code-only or name-only agreements remain under review.
nss_2007_08__rajasthan__08116__jaisalmer,nss_2007_08,Rajasthan,Jaisalmer,pc2001__08__16,official_nss64_census2001_code_name_identity,nss64_education_district_codes,accepted,Accepted for the 2007-08 wave because the official NSS-64 district code resolves to the same Census-2001 state and district codes and the normalized state and district names also match the Census-2001 registry exactly. Code-only or name-only agreements remain under review.
nss_2007_08__rajasthan__08117__barmer,nss_2007_08,Rajasthan,Barmer,pc2001__08__17,official_nss64_census2001_code_name_identity,nss64_education_district_codes,accepted,Accepted for the 2007-08 wave because the official NSS-64 district code resolves to the same Census-2001 state and district codes and the normalized state and district names also match the Census-2001 registry exactly. Code-only or name-only agreements remain under review.
nss_2007_08__rajasthan__08118__jalor,nss_2007_08,Rajasthan,Jalor,pc2001__08__18,official_nss64_census2001_code_name_identity,nss64_education_district_codes,accepted,Accepted for the 2007-08 wave because the official NSS-64 district code resolves to the same Census-2001 state and district codes and the normalized state and district names also match the Census-2001 registry exactly. Code-only or name-only agreements remain under review.
nss_2007_08__rajasthan__08119__sirohi,nss_2007_08,Rajasthan,Sirohi,pc2001__08__19,official_nss64_census2001_code_name_identity,nss64_education_district_codes,accepted,Accepted for the 2007-08 wave because the official NSS-64 district code resolves to the same Census-2001 state and district codes and the normalized state and district names also match the Census-2001 registry exactly. Code-only or name-only agreements remain under review.
nss_2007_08__rajasthan__08120__pali,nss_2007_08,Rajasthan,Pali,pc2001__08__20,official_nss64_census2001_code_name_identity,nss64_education_district_codes,accepted,Accepted for the 2007-08 wave because the official NSS-64 district code resolves to the same Census-2001 state and district codes and the normalized state and district names also match the Census-2001 registry exactly. Code-only or name-only agreements remain under review.
nss_2007_08__tamil nadu__33101__thiruvallur,nss_2007_08,Tamil Nadu,Thiruvallur,pc2001__33__01,official_nss64_census2001_code_name_identity,nss64_education_district_codes,accepted,Accepted for the 2007-08 wave because the official NSS-64 district code resolves to the same Census-2001 state and district codes and the normalized state and district names also match the Census-2001 registry exactly. Code-only or name-only agreements remain under review.
nss_2007_08__tamil nadu__33102__chennai,nss_2007_08,Tamil Nadu,Chennai,pc2001__33__02,official_nss64_census2001_code_name_identity,nss64_education_district_codes,accepted,Accepted for the 2007-08 wave because the official NSS-64 district code resolves to the same Census-2001 state and district codes and the normalized state and district names also match the Census-2001 registry exactly. Code-only or name-only agreements remain under review.
nss_2007_08__tamil nadu__33103__kancheepuram,nss_2007_08,Tamil Nadu,Kancheepuram,pc2001__33__03,official_nss64_census2001_code_name_identity,nss64_education_district_codes,accepted,Accepted for the 2007-08 wave because the official NSS-64 district code resolves to the same Census-2001 state and district codes and the normalized state and district names also match the Census-2001 registry exactly. Code-only or name-only agreements remain under review.
nss_2007_08__tamil nadu__33104__vellore,nss_2007_08,Tamil Nadu,Vellore,pc2001__33__04,official_nss64_census2001_code_name_identity,nss64_education_district_codes,accepted,Accepted for the 2007-08 wave because the official NSS-64 district code resolves to the same Census-2001 state and district codes and the normalized state and district names also match the Census-2001 registry exactly. Code-only or name-only agreements remain under review.
nss_2007_08__tamil nadu__33107__viluppuram,nss_2007_08,Tamil Nadu,Viluppuram,pc2001__33__07,official_nss64_census2001_code_name_identity,nss64_education_district_codes,accepted,Accepted for the 2007-08 wave because the official NSS-64 district code resolves to the same Census-2001 state and district codes and the normalized state and district names also match the Census-2001 registry exactly. Code-only or name-only agreements remain under review.
nss_2007_08__tamil nadu__33118__cuddalore,nss_2007_08,Tamil Nadu,Cuddalore,pc2001__33__18,official_nss64_census2001_code_name_identity,nss64_education_district_codes,accepted,Accepted for the 2007-08 wave because the official NSS-64 district code resolves to the same Census-2001 state and district codes and the normalized state and district names also match the Census-2001 registry exactly. Code-only or name-only agreements remain under review.
nss_2007_08__tripura__16101__west tripura,nss_2007_08,Tripura,West Tripura,pc2001__16__01,official_nss64_census2001_code_name_identity,nss64_education_district_codes,accepted,Accepted for the 2007-08 wave because the official NSS-64 district code resolves to the same Census-2001 state and district codes and the normalized state and district names also match the Census-2001 registry exactly. Code-only or name-only agreements remain under review.
nss_2007_08__tripura__16102__south tripura,nss_2007_08,Tripura,South Tripura,pc2001__16__02,official_nss64_census2001_code_name_identity,nss64_education_district_codes,accepted,Accepted for the 2007-08 wave because the official NSS-64 district code resolves to the same Census-2001 state and district codes and the normalized state and district names also match the Census-2001 registry exactly. Code-only or name-only agreements remain under review.
nss_2007_08__tripura__16103__dhalai,nss_2007_08,Tripura,Dhalai,pc2001__16__03,official_nss64_census2001_code_name_identity,nss64_education_district_codes,accepted,Accepted for the 2007-08 wave because the official NSS-64 district code resolves to the same Census-2001 state and district codes and the normalized state and district names also match the Census-2001 registry exactly. Code-only or name-only agreements remain under review.
nss_2007_08__tripura__16104__north tripura,nss_2007_08,Tripura,North Tripura,pc2001__16__04,official_nss64_census2001_code_name_identity,nss64_education_district_codes,accepted,Accepted for the 2007-08 wave because the official NSS-64 district code resolves to the same Census-2001 state and district codes and the normalized state and district names also match the Census-2001 registry exactly. Code-only or name-only agreements remain under review.
nss_2007_08__uttar pradesh__09101__saharanpur,nss_2007_08,Uttar Pradesh,Saharanpur,pc2001__09__01,official_nss64_census2001_code_name_identity,nss64_education_district_codes,accepted,Accepted for the 2007-08 wave because the official NSS-64 district code resolves to the same Census-2001 state and district codes and the normalized state and district names also match the Census-2001 registry exactly. Code-only or name-only agreements remain under review.
nss_2007_08__uttar pradesh__09102__muzaffarnagar,nss_2007_08,Uttar Pradesh,Muzaffarnagar,pc2001__09__02,official_nss64_census2001_code_name_identity,nss64_education_district_codes,accepted,Accepted for the 2007-08 wave because the official NSS-64 district code resolves to the same Census-2001 state and district codes and the normalized state and district names also match the Census-2001 registry exactly. Code-only or name-only agreements remain under review.
nss_2007_08__uttar pradesh__09103__bijnor,nss_2007_08,Uttar Pradesh,Bijnor,pc2001__09__03,official_nss64_census2001_code_name_identity,nss64_education_district_codes,accepted,Accepted for the 2007-08 wave because the official NSS-64 district code resolves to the same Census-2001 state and district codes and the normalized state and district names also match the Census-2001 registry exactly. Code-only or name-only agreements remain under review.
nss_2007_08__uttar pradesh__09104__moradabad,nss_2007_08,Uttar Pradesh,Moradabad,pc2001__09__04,official_nss64_census2001_code_name_identity,nss64_education_district_codes,accepted,Accepted for the 2007-08 wave because the official NSS-64 district code resolves to the same Census-2001 state and district codes and the normalized state and district names also match the Census-2001 registry exactly. Code-only or name-only agreements remain under review.
nss_2007_08__uttar pradesh__09105__rampur,nss_2007_08,Uttar Pradesh,Rampur,pc2001__09__05,official_nss64_census2001_code_name_identity,nss64_education_district_codes,accepted,Accepted for the 2007-08 wave because the official NSS-64 district code resolves to the same Census-2001 state and district codes and the normalized state and district names also match the Census-2001 registry exactly. Code-only or name-only agreements remain under review.
nss_2007_08__uttar pradesh__09107__meerut,nss_2007_08,Uttar Pradesh,Meerut,pc2001__09__07,official_nss64_census2001_code_name_identity,nss64_education_district_codes,accepted,Accepted for the 2007-08 wave because the official NSS-64 district code resolves to the same Census-2001 state and district codes and the normalized state and district names also match the Census-2001 registry exactly. Code-only or name-only agreements remain under review.
nss_2007_08__uttar pradesh__09108__baghpat,nss_2007_08,Uttar Pradesh,Baghpat,pc2001__09__08,official_nss64_census2001_code_name_identity,nss64_education_district_codes,accepted,Accepted for the 2007-08 wave because the official NSS-64 district code resolves to the same Census-2001 state and district codes and the normalized state and district names also match the Census-2001 registry exactly. Code-only or name-only agreements remain under review.
nss_2007_08__uttar pradesh__09109__ghaziabad,nss_2007_08,Uttar Pradesh,Ghaziabad,pc2001__09__09,official_nss64_census2001_code_name_identity,nss64_education_district_codes,accepted,Accepted for the 2007-08 wave because the official NSS-64 district code resolves to the same Census-2001 state and district codes and the normalized state and district names also match the Census-2001 registry exactly. Code-only or name-only agreements remain under review.
nss_2007_08__uttarakhand__05102__chamoli,nss_2007_08,Uttaranchal,Chamoli,pc2001__05__02,official_nss64_census2001_code_name_identity,nss64_education_district_codes,accepted,Accepted for the 2007-08 wave because the official NSS-64 district code resolves to the same Census-2001 state and district codes and the normalized state and district names also match the Census-2001 registry exactly. Code-only or name-only agreements remain under review.
nss_2007_08__uttarakhand__05103__rudraprayag,nss_2007_08,Uttaranchal,Rudraprayag,pc2001__05__03,official_nss64_census2001_code_name_identity,nss64_education_district_codes,accepted,Accepted for the 2007-08 wave because the official NSS-64 district code resolves to the same Census-2001 state and district codes and the normalized state and district names also match the Census-2001 registry exactly. Code-only or name-only agreements remain under review.
nss_2007_08__uttarakhand__05104__tehri garhwal,nss_2007_08,Uttaranchal,Tehri Garhwal,pc2001__05__04,official_nss64_census2001_code_name_identity,nss64_education_district_codes,accepted,Accepted for the 2007-08 wave because the official NSS-64 district code resolves to the same Census-2001 state and district codes and the normalized state and district names also match the Census-2001 registry exactly. Code-only or name-only agreements remain under review.
nss_2007_08__uttarakhand__05105__dehradun,nss_2007_08,Uttaranchal,Dehradun,pc2001__05__05,official_nss64_census2001_code_name_identity,nss64_education_district_codes,accepted,Accepted for the 2007-08 wave because the official NSS-64 district code resolves to the same Census-2001 state and district codes and the normalized state and district names also match the Census-2001 registry exactly. Code-only or name-only agreements remain under review.
nss_2007_08__uttarakhand__05106__garhwal,nss_2007_08,Uttaranchal,Garhwal,pc2001__05__06,official_nss64_census2001_code_name_identity,nss64_education_district_codes,accepted,Accepted for the 2007-08 wave because the official NSS-64 district code resolves to the same Census-2001 state and district codes and the normalized state and district names also match the Census-2001 registry exactly. Code-only or name-only agreements remain under review.
nss_2007_08__uttarakhand__05107__pithoragarh,nss_2007_08,Uttaranchal,Pithoragarh,pc2001__05__07,official_nss64_census2001_code_name_identity,nss64_education_district_codes,accepted,Accepted for the 2007-08 wave because the official NSS-64 district code resolves to the same Census-2001 state and district codes and the normalized state and district names also match the Census-2001 registry exactly. Code-only or name-only agreements remain under review.
nss_2007_08__uttarakhand__05109__almora,nss_2007_08,Uttaranchal,Almora,pc2001__05__09,official_nss64_census2001_code_name_identity,nss64_education_district_codes,accepted,Accepted for the 2007-08 wave because the official NSS-64 district code resolves to the same Census-2001 state and district codes and the normalized state and district names also match the Census-2001 registry exactly. Code-only or name-only agreements remain under review.
nss_2007_08__uttarakhand__05110__champawat,nss_2007_08,Uttaranchal,Champawat,pc2001__05__10,official_nss64_census2001_code_name_identity,nss64_education_district_codes,accepted,Accepted for the 2007-08 wave because the official NSS-64 district code resolves to the same Census-2001 state and district codes and the normalized state and district names also match the Census-2001 registry exactly. Code-only or name-only agreements remain under review.
nss_2007_08__uttarakhand__05111__nainital,nss_2007_08,Uttaranchal,Nainital,pc2001__05__11,official_nss64_census2001_code_name_identity,nss64_education_district_codes,accepted,Accepted for the 2007-08 wave because the official NSS-64 district code resolves to the same Census-2001 state and district codes and the normalized state and district names also match the Census-2001 registry exactly. Code-only or name-only agreements remain under review.
nss_2007_08__uttarakhand__05113__hardwar,nss_2007_08,Uttaranchal,Hardwar,pc2001__05__13,official_nss64_census2001_code_name_identity,nss64_education_district_codes,accepted,Accepted for the 2007-08 wave because the official NSS-64 district code resolves to the same Census-2001 state and district codes and the normalized state and district names also match the Census-2001 registry exactly. Code-only or name-only agreements remain under review.
nss_2007_08__west bengal__19101__darjiling,nss_2007_08,West Bengal,Darjiling,pc2001__19__01,official_nss64_census2001_code_name_identity,nss64_education_district_codes,accepted,Accepted for the 2007-08 wave because the official NSS-64 district code resolves to the same Census-2001 state and district codes and the normalized state and district names also match the Census-2001 registry exactly. Code-only or name-only agreements remain under review.
nss_2007_08__west bengal__19102__jalpaiguri,nss_2007_08,West Bengal,Jalpaiguri,pc2001__19__02,official_nss64_census2001_code_name_identity,nss64_education_district_codes,accepted,Accepted for the 2007-08 wave because the official NSS-64 district code resolves to the same Census-2001 state and district codes and the normalized state and district names also match the Census-2001 registry exactly. Code-only or name-only agreements remain under review.
nss_2017_18__delhi__07101__north west,nss_2017_18,Delhi,North West,pc2001__07__01,official_unchanged_boundary_carryback,census2011_delhi_admin_atlas,accepted,Accepted as the named Census 2001 district under the reviewed unchanged-boundary decision. The exact normalized name agrees with the official census frame; later Delhi reorganization is outside both NSS reference dates.
nss_2017_18__delhi__07102__north,nss_2017_18,Delhi,North,pc2001__07__02,official_unchanged_boundary_carryback,census2011_delhi_admin_atlas,accepted,Accepted as the named Census 2001 district under the reviewed unchanged-boundary decision. The exact normalized name agrees with the official census frame; later Delhi reorganization is outside both NSS reference dates.
nss_2017_18__delhi__07103__north east,nss_2017_18,Delhi,North East,pc2001__07__03,official_unchanged_boundary_carryback,census2011_delhi_admin_atlas,accepted,Accepted as the named Census 2001 district under the reviewed unchanged-boundary decision. The exact normalized name agrees with the official census frame; later Delhi reorganization is outside both NSS reference dates.
nss_2017_18__delhi__07104__east,nss_2017_18,Delhi,East,pc2001__07__04,official_unchanged_boundary_carryback,census2011_delhi_admin_atlas,accepted,Accepted as the named Census 2001 district under the reviewed unchanged-boundary decision. The exact normalized name agrees with the official census frame; later Delhi reorganization is outside both NSS reference dates.
nss_2017_18__delhi__07105__new delhi,nss_2017_18,Delhi,New Delhi,pc2001__07__05,official_unchanged_boundary_carryback,census2011_delhi_admin_atlas,accepted,Accepted as the named Census 2001 district under the reviewed unchanged-boundary decision. The exact normalized name agrees with the official census frame; later Delhi reorganization is outside both NSS reference dates.
nss_2017_18__delhi__07106__central,nss_2017_18,Delhi,Central,pc2001__07__06,official_unchanged_boundary_carryback,census2011_delhi_admin_atlas,accepted,Accepted as the named Census 2001 district under the reviewed unchanged-boundary decision. The exact normalized name agrees with the official census frame; later Delhi reorganization is outside both NSS reference dates.
nss_2017_18__delhi__07107__west,nss_2017_18,Delhi,West,pc2001__07__07,official_unchanged_boundary_carryback,census2011_delhi_admin_atlas,accepted,Accepted as the named Census 2001 district under the reviewed unchanged-boundary decision. The exact normalized name agrees with the official census frame; later Delhi reorganization is outside both NSS reference dates.
nss_2017_18__delhi__07108__south west,nss_2017_18,Delhi,South West,pc2001__07__08,official_unchanged_boundary_carryback,census2011_delhi_admin_atlas,accepted,Accepted as the named Census 2001 district under the reviewed unchanged-boundary decision. The exact normalized name agrees with the official census frame; later Delhi reorganization is outside both NSS reference dates.
nss_2017_18__delhi__07109__south,nss_2017_18,Delhi,South,pc2001__07__09,official_unchanged_boundary_carryback,census2011_delhi_admin_atlas,accepted,Accepted as the named Census 2001 district under the reviewed unchanged-boundary decision. The exact normalized name agrees with the official census frame; later Delhi reorganization is outside both NSS reference dates.
nss_2017_18__maharashtra__27122__mumbai suburban,nss_2017_18,Maharashtra,Mumbai Suburban,pc2001__27__22,official_unchanged_boundary_carryback,census2011_maharashtra_admin_atlas,accepted,Accepted as the named Census 2001 district under the reviewed unchanged-boundary decision. The exact normalized name agrees with the official census frame; later Delhi reorganization is outside both NSS reference dates.
